ano,qtd_musicas,popularidade_media_musica,qtd_filmes,nota_media_filme
1957,2,30.0,12,7.708333333333333
1958,1,73.0,11,7.3999999999999995
1960,4,16.0,16,7.4125
1961,1,47.0,17,7.223529411764706
1962,1,64.0,17,7.4941176470588236
1963,5,43.6,22,7.181818181818182
1964,7,50.857142857142854,20,7.470000000000001
1965,10,41.7,21,7.104761904761904
1966,13,49.07692307692308,19,7.226315789473685
1967,31,44.774193548387096,24,7.191666666666666
1968,17,54.94117647058823,25,7.112
1969,43,46.627906976744185,24,6.708333333333333
1970,63,44.55555555555556,15,6.613333333333333
1971,57,40.56140350877193,23,7.043478260869565
1972,63,49.682539682539684,20,7.055
1973,83,42.397590361445786,40,6.8950000000000005
1974,73,38.863013698630134,21,6.942857142857143
1975,86,46.81395348837209,23,6.760869565217392
1976,104,42.82692307692308,22,6.845454545454545
1977,84,46.726190476190474,37,6.364864864864865
1978,103,44.18446601941748,34,6.602941176470588
1979,67,46.19402985074627,34,6.891176470588236
1980,77,47.27272727272727,45,6.526666666666666
1981,71,47.29577464788732,48,6.614583333333333
1982,76,48.1578947368421,46,6.506521739130435
1983,97,44.134020618556704,52,6.363461538461538
1984,109,40.403669724770644,57,6.682456140350877
1985,122,41.10655737704918,80,6.5125
1986,99,41.282828282828284,68,6.489705882352942
1987,153,38.8235294117647,73,6.705479452054795
1988,172,40.43604651162791,82,6.602439024390244
1989,113,41.11504424778761,80,6.5025
1990,158,38.25949367088607,76,6.556578947368421
1991,188,34.340425531914896,83,6.566265060240964
1992,174,36.31609195402299,89,6.569318181818182
1993,195,39.09230769230769,118,6.616101694915255
1994,207,40.45893719806763,103,6.404854368932039
1995,199,39.48743718592965,113,6.569026548672566
1996,222,38.945945945945944,96,6.3843749999999995
1997,230,39.678260869565214,117,6.526495726495726
1998,257,33.583657587548636,130,6.498461538461538
1999,250,39.776,125,6.562096774193549
2000,230,33.61304347826087,138,6.471014492753623
2001,290,35.796551724137935,164,6.447560975609757
2002,235,39.07659574468085,165,6.460606060606061
2003,324,34.76543209876543,182,6.368131868131868
2004,354,36.19491525423729,205,6.50829268292683
2005,463,29.742980561555076,216,6.2875
2006,425,34.85411764705882,237,6.391561181434599
2007,444,31.68918918918919,245,6.435510204081633
2008,587,25.74616695059625,250,6.3256000000000006
2009,450,27.58888888888889,291,6.318556701030928
2010,557,33.217235188509875,279,6.420071684587814
2011,537,34.43947858472998,316,6.392721518987342
2012,676,35.446745562130175,285,6.347017543859649
2013,851,29.884841363102232,347,6.3835734870317005
2014,1334,28.590704647676162,371,6.376819407008087
2015,1575,33.38285714285714,390,6.365128205128205
2016,1823,35.39385628085573,470,6.366737739872068
2017,2150,39.009302325581395,510,6.422549019607843
2018,2905,42.6512908777969,530,6.497159090909091
2019,7404,47.417206915180984,500,6.686573146292585
2020,626,42.781150159744406,453,6.636061946902655
